system_type,component,operational_hours,ambient_temperature,component_temperature,vibration,power_output,efficiency,fault_count_30d,maintenance_delay_days,weather_severity_index,degradation_rate,failure,remaining_useful_life_days
Solar,Inverter,34901,25,43,0.66,718,76.7,6,28,2,0.74,1,13
Solar,Inverter,16085,25,70,0.32,766,93.2,1,4,1,0.1,0,340
Solar,Inverter,34456,36,59,0.36,326,86.1,1,1,4,0.28,0,208
Wind,Blade,34472,29,39,8.38,865,59.5,7,20,8,0.85,1,27
Wind,Gearbox,29661,35,68,5.35,1747,78.4,10,18,5,0.95,1,29
Solar,Inverter,15828,33,50,1.27,1173,63.8,10,28,2,0.61,1,31
Wind,Bearing,31915,20,51,5.3,1725,75.0,6,23,4,0.82,1,52
Wind,Blade,41238,38,57,8.98,1491,58.2,5,6,4,0.46,1,58
Solar,Panel,45253,35,45,0.79,1121,56.2,4,17,3,0.91,1,10
Wind,Bearing,38921,41,73,2.32,1055,87.6,1,4,6,0.28,0,292
Wind,Blade,16250,40,61,7.72,1517,74.5,4,29,8,0.71,1,26
Wind,Gearbox,37022,21,44,2.4,1193,95.4,0,5,4,0.2,0,157
Wind,Gearbox,31152,36,54,3.29,1101,86.2,1,2,5,0.14,0,188
Solar,Panel,13226,42,54,0.24,790,85.6,0,1,10,0.17,0,349
Wind,Blade,36729,47,85,1.68,1378,93.7,2,2,9,0.13,0,316
Solar,Panel,41367,35,61,0.17,646,90.0,0,2,6,0.18,0,168
Solar,Panel,41896,25,62,0.61,1041,57.1,10,22,3,0.72,1,15
Wind,Gearbox,47100,38,74,3.06,1442,91.6,2,1,6,0.18,0,166
Solar,Panel,47334,38,83,0.18,1164,87.3,2,4,5,0.26,0,189
Wind,Blade,41248,37,58,4.9,1286,68.6,6,26,2,0.67,1,6
Solar,Inverter,43099,29,58,1.46,1112,63.6,5,21,5,0.95,1,34
Wind,Gearbox,22059,44,80,2.29,865,94.9,1,4,2,0.13,0,139
Solar,Inverter,40996,33,48,0.49,313,94.8,0,0,8,0.14,0,144
Solar,Panel,26467,39,62,1.07,929,55.4,4,18,3,0.86,1,46
Solar,Panel,41580,39,72,0.11,417,91.8,1,4,3,0.24,0,127
Wind,Blade,36800,37,64,1.27,1159,95.2,0,5,5,0.2,0,225
Solar,Inverter,43531,44,62,0.63,873,72.7,9,5,2,0.76,1,58
Wind,Gearbox,13444,43,54,1.63,912,88.6,2,1,10,0.22,0,198
Solar,Panel,3430,22,61,0.36,763,92.1,0,0,10,0.31,0,208
Solar,Inverter,34469,32,68,0.56,820,94.1,1,4,4,0.33,0,226
Solar,Panel,7894,33,50,0.85,803,65.6,4,9,8,0.92,1,39
Wind,Blade,31993,30,56,3.41,1273,92.3,1,0,2,0.11,0,156
Solar,Panel,1534,46,59,0.37,774,94.1,0,5,9,0.33,0,193
Wind,Generator,41293,45,71,2.22,969,94.3,2,4,4,0.33,0,145
Solar,Panel,40232,30,70,1.19,900,62.7,7,9,5,0.92,1,65
Wind,Bearing,15796,36,72,3.43,958,94.4,1,5,3,0.17,0,153
Wind,Gearbox,6747,23,38,4.66,1274,56.4,4,10,2,0.77,1,47
Wind,Generator,19585,38,79,2.99,835,92.2,1,3,6,0.31,0,264
Solar,Inverter,20097,25,40,1.37,1197,71.1,8,17,2,0.93,1,17
Wind,Bearing,43551,39,52,2.48,1307,88.1,2,5,1,0.19,0,267
Solar,Inverter,8875,44,61,0.13,989,95.5,1,3,1,0.24,0,205
Wind,Generator,35939,44,89,4.89,1140,59.6,6,6,6,0.87,1,61
Wind,Generator,36044,26,51,1.02,1263,86.0,0,2,2,0.26,0,193
Solar,Panel,49488,29,49,1.1,773,76.9,10,10,5,0.68,1,51
Wind,Blade,49758,41,51,2.78,827,87.1,2,2,5,0.32,0,211
Wind,Generator,37062,35,75,8.3,855,75.6,3,12,2,0.53,1,14
Solar,Inverter,28049,42,53,0.62,616,75.6,7,25,8,0.93,1,75
Solar,Inverter,44252,45,79,0.31,506,92.1,1,4,8,0.35,0,207
Solar,Inverter,39962,24,41,0.36,937,87.9,1,0,4,0.15,0,284
Wind,Generator,19075,35,73,3.17,1800,85.8,2,0,7,0.28,0,223
Solar,Panel,37571,35,62,1.39,1017,78.0,7,11,3,0.82,1,65
Wind,Generator,25616,35,67,4.18,1627,60.3,5,11,3,0.68,1,8
Wind,Generator,11033,33,73,7.26,1162,67.0,10,30,7,0.41,1,61
Wind,Bearing,15212,42,86,5.94,1142,74.2,6,5,10,0.84,1,76
Wind,Blade,6494,46,64,5.52,1771,66.3,4,20,4,0.74,1,71
Wind,Blade,14469,43,84,7.46,1726,60.4,9,7,6,0.59,1,64
Solar,Panel,33407,26,45,0.19,322,94.8,2,1,3,0.19,0,310
Wind,Bearing,40513,40,51,3.18,1277,94.2,2,1,1,0.1,0,350
Solar,Inverter,33495,24,63,0.12,654,95.3,0,2,4,0.32,0,299
Solar,Panel,25944,23,49,0.28,324,88.1,0,3,4,0.11,0,134
Solar,Panel,1891,25,58,1.38,700,63.9,4,14,9,0.7,1,15
Solar,Inverter,49300,41,60,1.04,1148,57.5,3,12,4,0.5,1,33
Wind,Blade,39704,47,86,2.31,1011,91.6,0,2,10,0.27,0,202
Solar,Panel,24425,20,44,0.28,556,88.8,1,4,9,0.16,0,320
Solar,Panel,2438,21,41,0.89,850,71.0,3,5,4,0.72,1,20
Wind,Blade,18974,31,63,4.07,938,72.8,10,25,5,0.81,1,40
Solar,Panel,23926,24,49,0.35,1074,86.3,1,0,10,0.3,0,208
Solar,Panel,26633,46,70,0.57,630,92.5,0,1,8,0.33,0,241
Solar,Inverter,10869,37,59,1.22,726,57.2,7,23,8,0.42,1,76
Solar,Inverter,27717,25,38,0.79,343,67.7,10,15,2,0.81,1,72
Wind,Blade,3084,35,47,6.05,1695,79.0,7,8,7,0.47,1,50
Solar,Panel,7832,35,45,1.45,305,58.9,10,29,3,0.43,1,70
Wind,Generator,10017,24,41,2.08,1167,91.0,0,0,8,0.24,0,160
Solar,Inverter,49726,37,53,1.48,1185,57.2,8,5,10,0.51,1,21
Wind,Bearing,6435,43,68,1.14,1643,89.6,2,3,2,0.21,0,265
Wind,Bearing,6607,35,50,2.3,1062,86.0,0,5,10,0.22,0,163
Wind,Blade,44159,24,55,8.93,1576,79.1,3,23,8,0.69,1,17
Solar,Inverter,40349,22,36,0.54,1184,93.0,1,3,6,0.31,0,286
Wind,Bearing,34181,25,68,1.61,1133,89.6,2,5,7,0.25,0,243
Wind,Generator,30881,44,59,2.21,1657,94.9,1,4,9,0.21,0,218
Solar,Inverter,7498,33,62,0.1,862,88.0,1,0,5,0.2,0,261
Solar,Panel,17322,35,74,0.47,632,93.6,0,0,1,0.1,0,327
Solar,Inverter,29028,34,76,0.19,887,91.4,0,3,5,0.19,0,299
Solar,Inverter,41296,44,83,0.41,1014,87.2,2,4,8,0.17,0,319
Solar,Panel,15615,39,62,0.41,1117,89.5,2,3,9,0.16,0,262
Solar,Inverter,5830,25,45,0.53,953,94.3,2,2,3,0.28,0,277
Wind,Blade,10351,36,67,1.1,1716,88.3,1,2,5,0.29,0,197
Solar,Panel,10144,26,64,0.14,343,95.1,1,4,10,0.14,0,315
Wind,Blade,40290,24,47,3.11,1163,92.2,2,0,3,0.14,0,282
Solar,Panel,9576,27,51,1.26,799,66.0,10,13,10,0.9,1,10
Solar,Inverter,13551,22,43,0.44,619,86.6,2,4,8,0.13,0,175
Solar,Inverter,12848,45,65,0.19,1082,89.1,2,3,5,0.15,0,330
Solar,Panel,25556,23,64,1.44,554,62.7,6,20,5,0.42,1,33
Solar,Inverter,28367,24,35,0.49,516,93.8,2,3,7,0.29,0,189
Wind,Blade,1072,26,48,7.3,936,79.2,7,30,10,0.93,1,25
Solar,Inverter,18645,22,51,0.49,647,90.1,2,3,3,0.25,0,222
Solar,Panel,9739,20,42,0.44,979,86.6,2,1,4,0.11,0,139
Solar,Inverter,7220,40,60,1.28,919,62.6,7,25,2,0.62,1,44
Solar,Inverter,11108,46,85,0.31,477,88.9,0,1,3,0.34,0,331
Solar,Inverter,38713,23,49,0.33,995,95.6,1,2,9,0.13,0,132
Solar,Panel,34571,23,54,0.23,1024,86.2,0,4,8,0.31,0,283
Solar,Panel,15527,23,67,1.2,1098,73.4,7,5,6,0.4,1,60
Solar,Inverter,31126,44,69,0.9,841,76.8,8,25,7,0.74,1,70
Solar,Inverter,4941,41,66,0.44,1183,90.0,0,4,1,0.25,0,219
Wind,Bearing,45217,25,42,3.2,1249,90.6,1,3,7,0.21,0,189
Solar,Panel,16996,41,67,0.15,436,93.3,1,3,2,0.24,0,216
Solar,Panel,33349,46,58,1.46,572,75.2,10,8,6,0.88,1,17
Wind,Blade,12798,37,69,6.0,1671,69.1,5,10,8,0.56,1,22
Solar,Panel,10446,23,67,0.13,756,90.4,1,5,3,0.24,0,288
Solar,Panel,8899,23,33,0.47,924,92.9,1,2,6,0.19,0,333
Wind,Blade,10777,47,90,7.69,1462,64.5,3,26,7,0.9,1,27
Solar,Inverter,5202,29,57,0.28,1180,93.6,1,5,6,0.13,0,252
Wind,Gearbox,16865,44,79,3.18,801,94.8,2,3,7,0.17,0,255
Solar,Inverter,44541,37,82,0.23,1003,92.4,1,1,10,0.33,0,171
Wind,Gearbox,39919,30,70,8.04,1364,56.9,4,8,9,0.85,1,37
Solar,Inverter,14578,22,42,1.2,1169,56.5,7,9,1,0.47,1,68
Solar,Panel,6534,20,57,0.57,1171,86.6,0,4,10,0.2,0,222
Wind,Generator,29540,41,83,2.98,1014,89.6,2,2,10,0.23,0,249
Wind,Generator,7201,43,83,1.73,842,90.3,0,4,2,0.27,0,325
Wind,Generator,18893,30,52,6.73,1491,71.0,9,29,6,0.76,1,54
Wind,Generator,29409,22,62,2.13,816,91.2,1,0,8,0.2,0,182
Solar,Panel,8880,38,53,0.71,1018,74.4,8,24,10,0.75,1,35
Solar,Inverter,16546,44,82,0.53,1048,90.6,0,4,2,0.28,0,237
Wind,Generator,18265,32,68,1.0,1619,95.5,1,1,8,0.27,0,350
Solar,Inverter,35908,32,66,0.39,666,88.7,1,2,7,0.11,0,289
Solar,Panel,37571,37,73,0.22,1180,87.1,2,0,5,0.23,0,180
Solar,Panel,38529,36,56,0.37,839,89.1,2,4,4,0.23,0,137
Solar,Panel,2829,24,57,0.19,771,86.6,2,5,3,0.23,0,220
Wind,Generator,38921,33,62,1.69,1772,95.6,2,2,5,0.16,0,333
Wind,Gearbox,30919,44,86,8.72,1380,69.5,7,12,9,0.85,1,9
Solar,Panel,45673,37,67,0.45,992,85.2,2,1,3,0.32,0,303
Wind,Generator,30087,29,61,2.14,1319,91.3,1,0,8,0.22,0,235
Wind,Generator,15451,32,71,8.9,1187,68.0,4,18,10,0.59,1,37
Solar,Panel,23853,23,60,0.8,797,59.5,8,28,10,0.84,1,50
Wind,Bearing,18610,25,54,1.78,1107,86.6,2,5,10,0.28,0,227
Wind,Blade,30913,41,55,6.02,1399,60.5,5,22,9,0.58,1,26
Solar,Inverter,43639,37,71,0.63,766,71.4,7,26,3,0.76,1,23
Wind,Blade,40915,31,63,1.98,1429,86.8,0,5,7,0.3,0,328
Wind,Blade,33241,30,49,2.42,1400,93.7,1,5,2,0.16,0,280
Wind,Bearing,38340,36,64,3.32,861,85.5,2,4,5,0.22,0,168
Wind,Generator,36296,29,54,3.37,1458,95.8,2,5,9,0.24,0,343
Wind,Blade,32392,27,46,1.04,1065,89.3,2,1,10,0.22,0,158
Wind,Generator,35239,22,57,5.4,891,64.1,4,11,6,0.79,1,64
Solar,Inverter,22269,47,73,0.48,645,94.4,1,0,10,0.27,0,234
Solar,Inverter,8039,30,70,0.78,1105,65.8,6,17,4,0.56,1,65
Solar,Inverter,12119,33,77,0.13,1129,90.9,0,5,5,0.23,0,242
Wind,Gearbox,46457,31,54,1.91,1771,92.7,1,3,2,0.26,0,219
Wind,Bearing,26673,25,39,6.42,1395,72.0,6,6,4,0.78,1,12
Wind,Gearbox,17534,46,63,4.73,1343,57.0,5,27,10,0.66,1,22
Solar,Panel,11490,24,55,0.39,490,92.2,0,1,7,0.29,0,248
Wind,Gearbox,17739,46,76,2.98,1282,94.7,2,0,2,0.2,0,128
Wind,Generator,49185,41,62,1.94,1148,94.6,1,4,2,0.14,0,295
Solar,Panel,14139,37,68,0.32,1150,90.3,1,4,9,0.29,0,345
Solar,Panel,28716,32,63,0.14,833,91.7,1,2,1,0.12,0,227
Wind,Bearing,13180,22,39,5.92,1660,72.2,5,16,2,0.45,1,53
Solar,Inverter,49126,30,69,1.06,1040,71.1,7,7,5,0.47,1,5
Solar,Panel,43630,22,54,1.26,997,73.3,10,13,10,0.94,1,67
Solar,Inverter,1931,36,81,1.06,792,56.6,6,23,7,0.48,1,71
Wind,Blade,43784,40,53,1.83,1499,92.3,1,0,1,0.26,0,237
Wind,Blade,44637,30,70,2.29,1556,95.5,1,4,7,0.25,0,166
Wind,Blade,28731,22,40,2.85,1383,85.4,0,3,5,0.2,0,137
Wind,Blade,10345,23,43,3.49,867,91.7,2,4,3,0.32,0,232
Solar,Inverter,17918,44,55,0.23,1123,87.9,0,2,9,0.26,0,262
Solar,Panel,26344,40,70,0.25,1000,92.9,2,4,7,0.33,0,326
Wind,Bearing,49341,30,49,6.57,1084,62.4,10,17,5,0.69,1,48
Solar,Panel,36063,36,62,0.97,743,59.7,6,5,9,0.6,1,46
Wind,Generator,35890,42,82,1.53,987,85.9,0,3,5,0.25,0,184
Wind,Bearing,42697,35,49,3.12,1445,92.3,0,3,7,0.14,0,188
Solar,Inverter,48801,34,78,0.4,708,91.0,0,1,8,0.27,0,149
Wind,Bearing,46840,31,58,2.86,1231,88.0,0,4,4,0.25,0,342
Wind,Bearing,9448,45,79,2.7,1790,87.2,2,5,3,0.15,0,125
Solar,Panel,18916,38,53,1.07,694,55.2,5,7,10,0.5,1,14
Solar,Panel,17410,20,31,1.45,647,65.1,10,19,2,0.55,1,53
Solar,Panel,26530,44,82,1.46,409,79.7,7,12,1,0.53,1,55
Wind,Generator,15481,27,47,5.35,1679,67.0,6,27,9,0.84,1,37
Wind,Blade,27847,29,70,8.61,1056,55.2,8,26,5,0.85,1,27
Solar,Panel,15644,35,75,1.35,783,73.5,10,28,4,0.5,1,59
Solar,Inverter,18325,22,61,0.57,545,90.0,1,5,8,0.25,0,152
Solar,Inverter,16503,21,47,0.46,633,89.3,2,0,10,0.14,0,264
Wind,Blade,44326,20,53,1.78,1476,91.5,1,3,2,0.21,0,283
Solar,Inverter,43083,35,45,0.46,756,94.6,2,5,8,0.27,0,348
Wind,Blade,5824,39,77,2.96,1138,90.1,0,2,2,0.12,0,175
Wind,Blade,47405,46,77,1.92,1721,94.4,1,3,6,0.16,0,322
Wind,Generator,31218,37,67,2.47,834,88.0,2,3,9,0.22,0,245
Solar,Panel,41337,42,78,0.45,915,92.1,0,4,6,0.26,0,144
Solar,Inverter,6322,21,66,1.28,463,71.5,4,27,3,0.79,1,75
Wind,Generator,4122,43,74,7.77,1057,61.5,3,16,10,0.79,1,39
Solar,Inverter,12368,32,74,0.19,315,86.6,1,2,9,0.29,0,262
Wind,Bearing,32417,35,50,7.63,1618,64.2,9,29,4,0.82,1,29
Solar,Panel,16877,29,69,0.53,507,92.4,1,2,3,0.28,0,152
Solar,Inverter,10777,26,67,0.98,1106,60.6,5,10,2,0.57,1,65
Solar,Inverter,38789,28,67,0.13,1173,86.2,2,1,4,0.2,0,279
Wind,Gearbox,7505,40,51,1.18,1202,95.1,0,3,6,0.11,0,312
Wind,Blade,37054,29,63,1.4,836,93.8,2,2,8,0.2,0,181
Wind,Gearbox,8627,20,33,1.33,1231,93.5,2,3,7,0.29,0,209
Wind,Blade,10065,20,64,5.6,1558,56.3,3,25,4,0.51,1,20
Solar,Panel,31754,30,60,0.25,301,92.1,2,5,5,0.14,0,145
Solar,Inverter,39222,42,52,0.25,312,92.4,0,2,1,0.12,0,186
Wind,Gearbox,25845,23,57,2.61,1436,90.2,2,2,10,0.18,0,188
Wind,Gearbox,18065,42,83,6.26,1102,58.5,5,27,3,0.49,1,12
Solar,Panel,49993,25,57,1.12,620,62.4,5,29,10,0.57,1,8
Solar,Panel,44135,46,58,1.25,301,75.7,10,16,3,0.8,1,30
Wind,Generator,7153,38,67,1.62,1341,93.3,1,4,5,0.2,0,263
Solar,Panel,29106,32,71,0.36,743,85.3,2,4,7,0.12,0,304
Solar,Panel,10776,32,67,0.29,587,86.6,1,5,6,0.22,0,121
Solar,Panel,36339,41,64,1.27,1195,70.7,8,7,4,0.44,1,37
Solar,Panel,35624,43,76,0.8,1146,74.7,6,23,1,0.48,1,57
Solar,Inverter,43219,35,60,0.21,310,94.2,0,2,9,0.28,0,308
Wind,Bearing,45224,42,56,6.21,808,61.8,3,11,6,0.45,1,54
Solar,Panel,9654,29,53,0.45,928,86.3,0,4,5,0.15,0,176
Wind,Bearing,14888,27,51,4.1,1670,70.2,4,8,5,0.87,1,57
Solar,Inverter,29147,29,74,0.31,572,95.2,0,0,4,0.35,0,320
Solar,Panel,46270,36,74,0.39,977,94.6,0,4,8,0.12,0,147
Wind,Gearbox,13083,25,58,6.13,1245,70.4,9,17,8,0.54,1,43
Wind,Gearbox,43959,34,57,2.84,1523,85.9,1,3,8,0.25,0,259
Solar,Inverter,47341,28,40,0.56,716,86.5,2,1,7,0.19,0,347
Solar,Panel,22288,22,63,0.49,749,92.7,0,2,6,0.31,0,170
Solar,Inverter,3410,29,74,0.76,531,57.3,10,10,9,0.59,1,12
Wind,Blade,12047,27,67,1.16,802,95.6,2,0,3,0.26,0,209
Solar,Panel,49616,33,63,1.37,722,59.3,10,14,1,0.89,1,29
Wind,Bearing,2038,20,62,2.79,1359,92.9,1,1,10,0.15,0,277
Wind,Generator,48863,23,60,5.27,1379,79.0,10,17,2,0.93,1,42
Wind,Bearing,45867,38,76,2.84,1517,91.6,2,5,5,0.35,0,198
Wind,Blade,3221,27,40,3.15,1482,89.3,2,0,6,0.17,0,150
Wind,Bearing,32218,38,83,1.87,1308,90.1,1,5,10,0.23,0,294
Wind,Generator,7057,23,63,2.37,1601,95.4,0,1,3,0.27,0,163
Solar,Inverter,15628,41,85,0.23,1056,90.9,1,0,9,0.29,0,217
Wind,Gearbox,21402,25,57,7.28,1500,57.8,6,29,4,0.43,1,39
Solar,Inverter,18655,35,74,1.15,914,60.9,6,8,10,0.78,1,64
Wind,Blade,4651,26,37,1.1,1360,94.5,1,2,3,0.24,0,252
Wind,Generator,34870,42,80,2.35,1402,94.1,0,1,2,0.22,0,143
Wind,Gearbox,35812,26,65,1.72,1057,90.9,2,3,2,0.29,0,201
Wind,Generator,34271,24,65,1.5,1178,86.5,1,2,8,0.26,0,321
Wind,Gearbox,45262,32,67,4.71,1685,55.9,9,28,1,0.6,1,33
Solar,Panel,9467,30,67,0.21,543,90.9,0,3,4,0.14,0,198
Wind,Gearbox,12342,33,70,1.62,1615,91.8,1,4,1,0.11,0,180
Wind,Gearbox,18537,28,50,8.96,1469,69.7,10,22,5,0.43,1,65
Wind,Gearbox,5897,34,48,1.26,1791,92.6,0,2,3,0.22,0,326
Solar,Panel,12115,37,82,0.55,774,89.8,1,3,5,0.12,0,156
Wind,Generator,26893,47,59,2.05,825,93.7,1,2,9,0.13,0,276
Solar,Panel,6847,46,77,0.43,338,92.3,0,2,5,0.25,0,271
Solar,Panel,39914,23,66,0.34,316,85.4,2,0,10,0.11,0,228
Wind,Blade,37527,38,78,7.12,1471,57.6,4,6,4,0.5,1,50
Solar,Panel,29896,32,43,0.19,974,93.5,2,4,7,0.21,0,343
Solar,Panel,1200,29,47,0.89,1111,73.7,6,5,6,0.85,1,72
Solar,Panel,12322,34,57,0.29,551,86.3,0,4,3,0.27,0,194
Wind,Blade,39330,28,60,6.06,1662,71.3,8,23,2,0.78,1,27
Wind,Bearing,2353,39,70,5.61,1359,55.3,5,30,7,0.7,1,72
Solar,Panel,25669,29,57,0.35,815,91.5,2,2,4,0.24,0,136
Solar,Panel,1893,45,71,0.21,699,95.7,2,4,8,0.14,0,283
Solar,Inverter,31158,29,69,1.11,614,70.0,10,10,1,0.46,1,5
Solar,Panel,26180,32,57,0.46,999,87.3,1,1,2,0.19,0,332
Solar,Panel,15680,47,65,0.51,491,88.5,1,0,9,0.3,0,141
Solar,Inverter,29331,34,49,1.43,1026,57.4,3,27,10,0.87,1,43
Solar,Inverter,40315,22,58,0.9,322,55.2,9,15,10,0.43,1,34
Solar,Inverter,20609,25,56,0.51,751,95.4,2,2,3,0.25,0,213
Solar,Panel,46201,40,61,1.04,590,77.5,5,19,8,0.93,1,80
Solar,Panel,18764,36,76,1.09,940,58.4,9,26,10,0.94,1,69
Wind,Bearing,44450,35,72,8.17,1468,56.3,9,5,10,0.5,1,35
Wind,Gearbox,46259,22,42,1.66,1450,89.0,0,5,7,0.31,0,205
Solar,Panel,25135,35,45,0.61,710,74.5,5,5,2,0.41,1,24
Solar,Panel,32251,34,48,0.39,969,90.5,1,5,10,0.24,0,286
Solar,Inverter,40320,37,68,1.07,933,72.7,9,5,8,0.86,1,21
Solar,Inverter,4209,30,53,0.39,1174,88.2,1,1,1,0.11,0,208
Solar,Inverter,4721,46,60,0.1,1079,93.1,1,4,3,0.27,0,170
Solar,Panel,46681,25,48,1.5,588,68.6,4,6,1,0.49,1,14
Solar,Inverter,9768,43,59,0.81,783,62.9,7,17,9,0.91,1,22
Wind,Bearing,45775,27,46,2.21,1141,88.9,0,0,1,0.13,0,230
Solar,Inverter,22515,46,61,0.2,705,95.3,1,5,10,0.12,0,163
Solar,Inverter,21668,38,55,0.52,386,93.9,0,3,2,0.14,0,147
Wind,Generator,45185,24,61,3.31,1511,89.4,2,2,2,0.28,0,183
Solar,Panel,46394,32,58,0.42,774,90.6,0,5,10,0.13,0,306
Wind,Bearing,35583,24,41,3.09,1257,89.2,0,5,3,0.24,0,128
Solar,Panel,5401,40,56,0.3,662,94.5,2,4,1,0.2,0,243
Wind,Gearbox,25061,26,45,1.55,856,95.4,2,2,5,0.29,0,233
Solar,Inverter,23912,47,87,0.13,1075,92.8,0,1,3,0.1,0,174
Solar,Inverter,44614,39,66,0.51,600,87.7,2,5,5,0.33,0,222
Solar,Panel,30861,28,58,0.16,697,89.2,0,1,5,0.27,0,296
Solar,Inverter,31073,44,62,0.95,861,70.8,6,19,9,0.63,1,9
Solar,Inverter,35668,24,59,0.49,793,89.0,1,0,8,0.21,0,273
Wind,Gearbox,34792,31,67,5.03,1752,76.4,7,23,9,0.89,1,37
Wind,Generator,31908,21,38,4.45,1225,60.1,10,28,9,0.88,1,79
Wind,Gearbox,43475,29,53,3.02,977,93.6,0,1,10,0.21,0,275
Wind,Blade,28714,31,45,3.33,1057,94.8,0,2,1,0.24,0,212
Solar,Panel,21226,42,66,1.48,600,59.9,4,21,6,0.49,1,55
Solar,Panel,7492,40,80,0.11,545,93.1,2,3,3,0.25,0,199
Wind,Generator,25531,38,73,4.36,1553,61.0,6,15,2,0.77,1,47
Solar,Inverter,17291,22,67,0.42,631,93.3,1,1,2,0.23,0,278
Solar,Inverter,3227,30,52,1.32,1040,71.6,10,28,1,0.76,1,51
Solar,Panel,33380,20,50,0.27,731,91.5,0,1,1,0.17,0,144
Solar,Inverter,29774,37,69,1.28,975,56.3,7,16,4,0.65,1,47
Wind,Bearing,14179,25,48,1.21,1357,91.6,0,5,10,0.12,0,261
Wind,Gearbox,23596,34,75,3.24,1301,86.5,0,2,8,0.26,0,182
Wind,Gearbox,28257,38,50,2.53,1018,85.4,1,3,10,0.15,0,335
Wind,Gearbox,35154,44,72,6.79,1349,71.3,10,7,7,0.77,1,15
Wind,Generator,42240,35,58,7.16,1247,76.2,8,21,8,0.55,1,57
Wind,Generator,5573,33,64,6.2,982,70.0,10,16,5,0.44,1,31
Solar,Panel,22952,27,63,0.45,1022,87.8,2,0,8,0.13,0,184
Wind,Blade,41778,27,69,8.65,1143,73.7,9,28,8,0.85,1,35
Solar,Inverter,11080,30,49,0.5,801,92.2,2,0,10,0.11,0,154
Wind,Bearing,26536,28,69,8.66,1709,69.7,10,27,9,0.72,1,51
Wind,Blade,12033,39,55,6.7,1082,58.8,5,15,4,0.89,1,16
Wind,Gearbox,45456,46,67,6.14,1345,78.5,7,19,5,0.89,1,58
Solar,Inverter,6475,22,50,1.15,1000,62.8,9,23,2,0.67,1,49
Wind,Blade,10541,28,64,1.08,1397,85.5,1,1,5,0.24,0,344
Solar,Panel,45036,25,36,0.24,838,92.1,2,0,7,0.12,0,284
Wind,Gearbox,23816,21,56,7.38,1705,76.8,5,16,7,0.46,1,74
Wind,Gearbox,17916,32,67,2.82,1265,89.1,0,3,9,0.31,0,169
Wind,Blade,22278,31,54,8.62,1304,79.5,3,22,9,0.42,1,71
Wind,Blade,7450,45,67,1.72,979,88.8,0,1,6,0.1,0,261
Wind,Blade,37796,27,49,8.08,1430,63.6,3,9,10,0.81,1,31
Wind,Gearbox,19462,41,56,8.87,1146,67.4,4,6,9,0.66,1,13
Wind,Gearbox,39466,36,53,1.61,1273,90.1,2,1,4,0.21,0,147
Wind,Generator,29957,30,52,4.82,871,77.3,8,13,10,0.63,1,70
Solar,Panel,48900,45,66,0.8,569,64.0,4,7,6,0.84,1,34
Solar,Inverter,41262,40,77,1.31,465,76.9,10,10,2,0.87,1,18
Wind,Generator,17483,44,82,3.06,1735,93.0,1,3,9,0.26,0,341
Solar,Inverter,6616,31,68,0.11,612,89.6,0,3,10,0.34,0,162
Solar,Inverter,48124,46,60,0.53,965,88.3,1,3,2,0.14,0,315
Solar,Inverter,1307,36,51,0.39,850,85.5,2,0,8,0.26,0,181
Wind,Generator,45841,42,55,2.53,1705,89.3,1,5,7,0.28,0,124
Wind,Generator,37430,23,35,4.22,1086,62.0,5,27,9,0.59,1,24
Wind,Generator,4640,38,74,2.34,1398,93.8,0,4,1,0.3,0,269
Wind,Generator,13535,30,71,2.8,1128,94.4,0,1,6,0.32,0,227
Solar,Panel,10760,24,37,0.59,383,86.9,2,4,7,0.19,0,338
Wind,Blade,36994,47,92,4.01,1590,61.1,4,13,10,0.7,1,53
Solar,Inverter,47945,37,47,0.25,754,89.6,2,0,4,0.15,0,145
Solar,Inverter,41657,35,60,0.35,353,87.7,1,0,5,0.31,0,215
Solar,Panel,24178,29,44,0.44,952,86.2,1,1,10,0.3,0,339
Solar,Panel,4052,39,57,1.22,740,63.5,5,20,6,0.46,1,18
Solar,Panel,35204,37,65,0.15,396,92.7,2,4,10,0.33,0,273
Wind,Bearing,48437,36,81,6.57,1680,66.4,8,25,7,0.61,1,34
Solar,Inverter,11902,46,70,0.94,473,75.4,3,13,10,0.73,1,73
Solar,Panel,47987,40,64,0.59,703,95.7,1,4,10,0.25,0,309
Wind,Generator,29816,41,74,6.29,1757,75.4,7,30,1,0.61,1,43
Solar,Panel,26864,40,68,1.12,696,56.9,5,29,1,0.79,1,64
Wind,Generator,33812,35,74,5.72,1100,62.5,9,22,2,0.74,1,30
Wind,Blade,4819,35,77,1.33,1334,88.9,2,4,7,0.25,0,273
Solar,Inverter,31769,41,76,0.82,1113,57.5,10,12,5,0.83,1,70
Solar,Panel,22944,47,82,0.24,349,93.1,2,5,4,0.14,0,251
Wind,Bearing,45464,44,76,2.9,905,94.2,2,4,2,0.23,0,194
Wind,Gearbox,46347,32,76,4.39,1438,71.6,4,7,6,0.94,1,35
Wind,Bearing,4443,26,43,1.99,922,91.6,2,4,7,0.19,0,212
Solar,Panel,8840,24,51,0.17,1184,95.2,0,2,3,0.28,0,254
Solar,Inverter,38793,46,61,0.18,665,87.6,0,0,9,0.19,0,178
Solar,Inverter,8636,37,78,0.36,370,85.6,2,4,7,0.13,0,154
Solar,Panel,24483,41,76,1.29,718,74.3,7,19,2,0.81,1,60
Wind,Gearbox,18912,43,53,2.59,1463,95.2,2,2,3,0.23,0,291
Solar,Inverter,28862,30,62,0.38,500,85.7,2,4,6,0.32,0,158
Solar,Panel,28288,30,41,0.75,499,79.2,4,11,8,0.89,1,76
Solar,Inverter,47321,31,49,0.24,1162,95.8,0,3,2,0.23,0,254
Wind,Bearing,5727,32,52,4.92,1076,57.0,7,24,1,0.41,1,76
Wind,Bearing,42499,44,72,7.59,1144,73.9,3,11,2,0.84,1,6
Solar,Panel,24024,43,88,0.59,362,92.3,1,4,2,0.18,0,256
Solar,Inverter,19363,21,58,0.26,439,92.2,0,3,7,0.17,0,287
Solar,Panel,44484,31,53,0.39,314,88.2,0,2,7,0.34,0,242
Solar,Panel,23605,42,71,0.48,662,93.7,2,4,8,0.2,0,308
Solar,Inverter,6101,29,68,0.67,653,72.2,5,29,4,0.47,1,52
Wind,Blade,30962,38,74,1.62,1685,91.3,0,4,10,0.21,0,135
Wind,Gearbox,1018,47,73,3.2,1789,87.6,2,0,3,0.24,0,157
Wind,Blade,30405,22,57,1.92,874,85.7,2,2,2,0.29,0,175
Solar,Panel,23608,25,51,0.55,1094,93.3,1,5,8,0.32,0,242
Wind,Generator,17881,43,72,1.01,1452,88.3,2,3,4,0.14,0,150
Solar,Panel,39018,26,45,0.76,917,74.4,8,18,1,0.45,1,44
Wind,Gearbox,35964,22,62,2.26,982,89.4,2,0,5,0.28,0,324
Wind,Gearbox,18738,36,62,4.74,1667,72.3,7,9,9,0.89,1,19
Wind,Blade,25941,36,54,3.03,1420,93.8,0,1,2,0.16,0,324
Solar,Inverter,43900,28,41,0.22,1046,85.2,1,0,2,0.33,0,139
Solar,Panel,49717,38,77,0.68,1125,71.0,6,12,3,0.6,1,40
Solar,Panel,35714,38,78,1.45,977,73.6,10,11,4,0.73,1,66
Solar,Inverter,23033,27,56,0.46,991,95.6,2,1,4,0.29,0,313
Wind,Gearbox,48846,31,76,7.01,980,71.8,5,17,2,0.66,1,53
Wind,Blade,8698,29,55,1.23,1787,87.8,1,3,3,0.35,0,330
Solar,Inverter,21131,46,91,0.24,848,89.6,0,3,8,0.13,0,208
Solar,Panel,23043,36,53,0.5,850,93.9,1,0,1,0.28,0,173
Solar,Inverter,10366,43,61,1.14,510,59.0,8,13,1,0.92,1,52
Wind,Bearing,20677,22,41,4.99,1134,68.0,10,18,2,0.46,1,30
Solar,Inverter,22920,36,75,0.44,347,90.0,1,0,8,0.16,0,198
Solar,Panel,39382,25,55,1.44,343,56.6,4,27,5,0.53,1,6
Wind,Gearbox,39514,44,82,7.42,1719,78.3,3,30,2,0.47,1,19
Wind,Gearbox,21036,28,50,3.48,912,88.9,0,2,1,0.3,0,212
Wind,Generator,8963,39,71,7.91,1362,56.0,8,23,2,0.72,1,65
Solar,Panel,5474,33,55,0.95,399,76.9,10,26,2,0.65,1,69
Wind,Bearing,38503,24,52,3.18,1099,86.7,2,0,3,0.28,0,171
Wind,Bearing,3915,40,84,2.36,856,90.8,0,0,8,0.15,0,169
Wind,Blade,33171,45,79,6.44,906,72.0,7,30,9,0.45,1,12
Wind,Gearbox,48846,24,36,8.62,1046,64.5,9,9,3,0.71,1,55
Wind,Gearbox,17887,22,41,3.37,1335,86.6,2,1,4,0.18,0,268
Solar,Inverter,6288,47,81,0.98,370,65.7,8,26,3,0.57,1,37
Wind,Bearing,14656,30,62,2.65,1279,90.9,2,0,3,0.26,0,334
Solar,Panel,5594,23,56,0.2,467,87.1,1,1,1,0.15,0,260
Solar,Panel,29253,31,56,1.24,426,73.1,8,17,9,0.7,1,24
Solar,Panel,49453,42,70,1.28,831,59.6,4,20,2,0.95,1,50
Wind,Gearbox,26903,33,44,5.25,1622,69.3,3,29,2,0.57,1,50
Solar,Inverter,37577,46,63,1.05,488,71.2,9,28,10,0.5,1,27
Solar,Inverter,24362,46,62,0.38,895,88.0,2,5,1,0.3,0,333
Solar,Inverter,20680,24,36,0.9,474,75.2,8,11,6,0.5,1,25
Solar,Inverter,24536,40,69,0.7,617,61.1,4,27,5,0.83,1,14
Solar,Panel,40959,46,57,1.16,302,70.9,10,12,9,0.41,1,78
Solar,Panel,3317,35,79,0.78,1097,68.9,10,30,4,0.84,1,28
Solar,Panel,29605,25,61,0.53,820,96.0,2,5,7,0.12,0,219
Solar,Panel,7407,37,80,0.41,333,92.6,1,4,8,0.25,0,131
Solar,Inverter,29149,24,46,0.53,605,91.9,1,5,2,0.25,0,273
Wind,Gearbox,41187,22,50,3.46,1069,91.2,1,0,4,0.32,0,228
Solar,Inverter,32683,43,88,0.56,931,89.9,0,5,5,0.16,0,228
Solar,Inverter,16258,22,51,0.23,498,93.7,2,5,6,0.25,0,280
Solar,Panel,4663,25,48,0.88,977,79.8,10,6,7,0.88,1,69
Wind,Generator,46823,44,61,4.34,1068,68.6,3,22,8,0.85,1,32
Wind,Gearbox,38995,27,47,8.61,1042,65.6,3,10,1,0.79,1,49
Wind,Bearing,40385,34,46,7.91,1628,70.5,4,23,4,0.66,1,9
Solar,Panel,44387,44,87,0.41,1183,91.7,1,3,6,0.18,0,159
Solar,Panel,11926,33,45,1.05,768,76.6,4,19,2,0.68,1,12
Solar,Panel,34444,36,77,0.15,535,88.1,0,2,6,0.29,0,208
Solar,Panel,7938,35,69,0.24,1094,88.5,1,0,4,0.27,0,264
Wind,Blade,26371,28,42,2.09,1552,85.0,1,4,5,0.27,0,131
Wind,Generator,39175,38,72,1.21,1211,88.7,0,5,10,0.16,0,152
Wind,Gearbox,3307,33,53,2.62,1156,94.0,0,5,5,0.17,0,200
Wind,Blade,5918,21,50,6.02,1144,72.0,10,13,9,0.55,1,33
Solar,Panel,14922,26,58,0.73,675,56.1,6,14,5,0.43,1,57
Wind,Gearbox,43781,34,50,5.27,1259,71.2,4,5,10,0.47,1,65
Wind,Gearbox,49313,40,55,1.1,946,93.6,1,0,4,0.31,0,188
Wind,Generator,13800,39,51,1.52,1231,91.6,2,5,9,0.31,0,258
Wind,Generator,38902,24,38,3.32,994,86.9,0,4,8,0.14,0,315
Solar,Panel,42741,40,64,0.38,425,95.3,2,0,1,0.2,0,278
Wind,Bearing,26193,31,53,3.43,1466,95.0,2,4,6,0.31,0,239
Wind,Gearbox,15230,32,47,6.98,1326,61.8,7,17,10,0.72,1,19
Solar,Inverter,32609,27,68,0.37,1154,86.9,0,4,8,0.11,0,161
Wind,Gearbox,18831,41,57,3.27,1364,85.9,0,1,1,0.15,0,154
Wind,Gearbox,42286,38,66,2.12,1293,85.3,1,5,2,0.21,0,293
Solar,Inverter,46596,40,84,1.28,648,69.5,7,18,3,0.4,1,69
Wind,Gearbox,27748,20,39,1.26,1518,86.7,0,5,1,0.26,0,129
Wind,Gearbox,26850,31,74,2.92,1551,90.7,2,4,4,0.24,0,301
Solar,Panel,12620,45,82,0.19,814,86.9,1,5,5,0.13,0,309
Solar,Panel,38957,26,70,0.13,744,94.3,2,3,7,0.27,0,187
Solar,Inverter,45674,22,50,0.59,786,92.9,0,2,4,0.32,0,148
Wind,Bearing,23831,37,71,1.49,1449,95.0,0,2,6,0.12,0,247
Solar,Inverter,17743,34,59,0.27,489,86.3,2,2,5,0.3,0,249
Solar,Inverter,34549,44,55,0.15,716,86.6,0,5,9,0.22,0,238
Solar,Inverter,14305,36,57,1.04,704,57.2,6,22,6,0.66,1,27
Wind,Blade,48516,35,75,2.14,1079,87.3,2,0,9,0.22,0,324
Wind,Bearing,26189,21,63,1.57,864,90.6,0,2,7,0.28,0,297
Solar,Panel,11582,30,43,1.28,359,55.7,7,18,10,0.79,1,59
Solar,Inverter,28806,29,40,1.29,796,58.5,5,16,4,0.82,1,16
Solar,Inverter,32820,44,55,1.27,312,71.2,9,22,5,0.74,1,9
Solar,Inverter,33186,42,76,0.5,732,94.3,1,5,2,0.26,0,320
Wind,Generator,5974,31,56,2.61,1577,95.4,0,2,10,0.32,0,245
Wind,Bearing,29095,29,58,4.37,1401,66.6,3,27,8,0.61,1,63
Wind,Gearbox,38516,21,44,6.95,1253,58.1,9,12,4,0.77,1,5
Solar,Inverter,47649,45,62,1.43,442,66.9,3,19,4,0.4,1,77
Solar,Panel,35135,30,41,0.31,489,87.1,1,1,9,0.15,0,308
Solar,Panel,34381,38,55,0.45,662,90.5,1,3,3,0.25,0,307
Wind,Gearbox,3711,42,73,7.61,1377,72.5,5,8,10,0.68,1,68
Wind,Blade,3686,21,65,1.3,1491,86.4,1,2,5,0.26,0,270
Solar,Panel,23267,28,60,1.39,579,61.2,10,11,6,0.58,1,77
Solar,Inverter,4910,33,46,0.78,777,58.6,7,26,2,0.84,1,66
Wind,Blade,34483,45,83,2.77,1121,87.3,1,0,6,0.19,0,278
Solar,Panel,15091,30,43,0.99,425,64.9,9,7,6,0.5,1,47
Wind,Generator,1624,22,33,3.03,1176,90.8,1,4,5,0.1,0,265
Wind,Generator,14258,36,71,2.41,1264,88.6,0,5,4,0.32,0,148
Solar,Panel,43508,38,53,0.28,476,93.2,0,3,4,0.32,0,186
Wind,Generator,45586,38,73,4.15,1600,72.2,9,30,2,0.52,1,35
Solar,Panel,24820,39,66,0.88,1103,78.9,5,13,7,0.63,1,61
Wind,Blade,47913,25,55,1.56,1293,86.8,0,1,2,0.11,0,275
Solar,Inverter,49502,40,55,0.74,1152,76.3,6,28,7,0.45,1,29
Wind,Generator,1154,34,54,2.42,1212,94.8,2,5,4,0.14,0,193
Solar,Inverter,39686,20,34,0.3,960,95.8,1,5,2,0.17,0,139
Solar,Inverter,39820,24,68,1.25,599,57.8,9,18,9,0.64,1,39
Wind,Gearbox,18798,20,34,2.72,1736,87.6,2,3,9,0.34,0,205
Solar,Panel,47434,32,67,0.26,567,85.6,1,5,4,0.2,0,230
Solar,Panel,7946,23,63,0.22,683,93.9,0,0,10,0.34,0,274
Wind,Blade,39769,41,64,1.9,963,87.9,0,3,9,0.23,0,273
Solar,Panel,21166,20,42,0.14,952,87.6,2,4,2,0.25,0,120
Wind,Gearbox,29827,25,66,7.5,1474,75.4,7,18,3,0.76,1,61
Wind,Bearing,5539,33,62,5.29,1347,69.5,10,29,10,0.93,1,17
Wind,Blade,18549,44,71,1.36,1462,87.7,2,2,5,0.11,0,228
Solar,Inverter,45415,37,65,0.57,527,94.7,2,2,10,0.17,0,299
Solar,Inverter,9056,42,61,0.8,1194,60.4,7,20,3,0.57,1,21
Wind,Bearing,15072,34,71,1.7,1046,88.7,0,0,3,0.18,0,317
Solar,Panel,35848,22,54,0.42,549,89.3,1,5,8,0.27,0,190
Solar,Inverter,24527,45,65,1.36,550,62.6,4,23,10,0.87,1,78
Wind,Generator,12008,20,61,7.95,1139,79.3,7,20,9,0.63,1,11
Solar,Inverter,43156,31,59,0.24,458,85.5,1,0,4,0.25,0,133
Wind,Blade,26588,44,83,1.5,826,95.3,0,5,10,0.19,0,277
Wind,Blade,5067,37,80,2.01,1694,85.4,2,0,9,0.21,0,346
Wind,Gearbox,16593,47,70,2.38,856,88.1,1,2,2,0.19,0,122
Solar,Inverter,41722,20,42,0.46,423,94.3,0,4,5,0.31,0,307
Solar,Inverter,17448,31,46,0.45,678,87.2,0,3,1,0.29,0,304
Wind,Blade,46974,33,57,6.21,1568,62.8,7,12,9,0.91,1,71
Solar,Inverter,31876,43,74,1.43,1133,64.7,3,13,9,0.89,1,68
Wind,Gearbox,37865,23,35,7.18,966,71.7,10,30,6,0.66,1,24
Solar,Inverter,35299,42,68,0.63,655,56.5,5,10,3,0.41,1,50
Solar,Inverter,47331,30,59,0.42,1067,86.2,1,4,4,0.12,0,208
Solar,Inverter,47586,46,60,0.58,732,92.6,1,3,8,0.32,0,170
Wind,Blade,43753,26,64,8.18,1395,61.1,10,10,5,0.58,1,22
Wind,Blade,37974,39,57,1.27,819,86.9,1,5,5,0.29,0,248
Wind,Bearing,29237,31,44,5.76,1730,74.3,4,30,3,0.54,1,55
Wind,Blade,25793,35,70,2.33,1662,89.2,2,4,2,0.31,0,152
Wind,Blade,44427,21,32,6.37,1435,78.5,6,11,5,0.86,1,7
Solar,Inverter,6342,30,70,0.71,915,69.0,4,14,2,0.68,1,67
Solar,Panel,5369,46,64,0.57,927,95.4,1,3,5,0.21,0,272
Solar,Inverter,29875,43,83,0.42,799,86.9,2,3,10,0.3,0,238
Wind,Gearbox,49991,34,79,2.76,1737,87.2,1,4,9,0.16,0,206
Solar,Inverter,39816,27,40,0.49,615,90.3,1,3,1,0.21,0,183
Wind,Gearbox,46638,21,36,2.54,902,85.0,1,5,1,0.31,0,229
Solar,Inverter,10209,39,56,1.09,1020,57.8,5,21,2,0.68,1,44
Wind,Generator,31757,21,34,1.29,1666,88.2,0,3,1,0.22,0,218
Wind,Generator,45645,37,81,2.98,1599,95.0,1,0,6,0.35,0,255
Solar,Inverter,17028,31,42,1.33,370,60.5,3,20,7,0.91,1,23
Solar,Inverter,18203,28,56,0.27,1092,95.1,2,4,10,0.16,0,210
Solar,Inverter,12565,32,51,0.72,1033,75.1,10,20,10,0.45,1,78
Solar,Inverter,16479,40,71,0.14,926,91.4,1,1,6,0.25,0,140
Wind,Blade,40129,47,90,7.23,1790,73.0,9,11,8,0.88,1,32
Solar,Panel,4375,20,32,1.2,729,70.6,5,18,6,0.41,1,26
Wind,Bearing,31337,36,81,8.11,1786,71.8,7,7,3,0.44,1,12
Solar,Panel,25315,20,46,0.33,941,85.6,0,2,1,0.24,0,127
Solar,Inverter,19689,34,45,0.22,986,86.9,1,3,3,0.16,0,197
Solar,Panel,30939,34,67,0.54,534,94.9,1,2,5,0.18,0,204
Wind,Gearbox,16964,34,44,6.88,1455,62.7,10,25,9,0.7,1,78
Wind,Generator,43172,45,70,2.26,1739,88.4,2,1,10,0.14,0,165
Wind,Bearing,5870,27,57,4.95,1350,72.9,10,19,2,0.7,1,33
Solar,Panel,40297,33,56,0.47,627,85.6,0,3,9,0.25,0,279
Wind,Gearbox,11877,34,46,7.25,806,61.4,7,10,8,0.76,1,29
Solar,Inverter,10387,37,70,1.49,549,57.0,3,8,2,0.44,1,33
Solar,Panel,49798,45,73,0.28,981,87.5,2,5,3,0.31,0,205
Wind,Generator,30699,30,41,2.36,1310,87.9,2,0,1,0.24,0,310
Wind,Gearbox,24904,41,61,5.06,1146,63.4,5,25,9,0.48,1,55
Solar,Panel,28887,39,58,0.34,715,88.1,0,3,10,0.17,0,342
Wind,Bearing,24786,26,68,1.66,1105,90.2,1,2,4,0.21,0,207
Solar,Inverter,46693,38,66,0.72,1048,63.0,8,11,2,0.69,1,73
Wind,Gearbox,43977,37,80,3.31,1103,89.3,1,4,2,0.11,0,330
Solar,Panel,9665,25,37,0.42,1101,88.5,0,4,1,0.1,0,291
Solar,Panel,18519,22,45,0.1,751,89.0,2,3,5,0.26,0,205
Wind,Generator,47833,31,45,3.46,875,93.0,2,5,9,0.23,0,244
Solar,Panel,23598,26,52,0.35,653,90.3,2,5,7,0.27,0,326
Wind,Blade,17434,24,68,6.07,1104,64.3,10,28,10,0.77,1,21
Wind,Bearing,14997,35,71,1.93,1430,93.4,2,2,9,0.15,0,262
Solar,Panel,7933,33,45,0.65,734,65.3,6,21,7,0.61,1,13
Wind,Gearbox,13189,41,58,4.93,1246,76.1,5,22,9,0.72,1,54
Wind,Gearbox,2376,28,64,7.39,1641,63.6,4,5,2,0.9,1,53
Wind,Gearbox,49991,41,83,4.82,1516,60.4,10,25,10,0.73,1,20
Wind,Blade,49334,20,64,7.97,805,64.2,9,22,8,0.85,1,73
Solar,Inverter,46909,34,44,0.39,868,88.6,1,4,10,0.2,0,193
Solar,Inverter,4114,29,65,1.37,305,59.7,4,14,6,0.59,1,23
Wind,Bearing,38007,33,71,2.25,1030,89.0,0,5,10,0.12,0,286
Wind,Generator,7462,42,65,2.79,927,85.2,2,4,6,0.14,0,260
Wind,Blade,22687,34,78,3.11,910,91.2,0,0,10,0.28,0,214
Solar,Panel,11943,35,52,1.05,334,67.3,10,19,5,0.51,1,76
Solar,Inverter,33865,24,61,0.77,306,59.0,4,23,7,0.44,1,10
Solar,Inverter,14246,30,57,0.96,886,69.6,6,25,9,0.5,1,51
Solar,Panel,42539,43,88,0.86,700,68.5,9,14,1,0.93,1,25
Wind,Blade,37411,46,79,2.19,1293,94.8,1,4,5,0.14,0,221
Wind,Bearing,30175,34,74,1.05,1715,87.2,0,2,9,0.3,0,154
Wind,Blade,46816,38,68,1.28,807,94.3,0,2,3,0.23,0,210
Solar,Inverter,25730,34,59,0.2,744,85.3,2,4,8,0.18,0,169
Wind,Bearing,9811,32,74,2.29,1121,88.8,0,1,2,0.11,0,204
Solar,Panel,23208,31,50,0.19,827,88.1,1,0,10,0.18,0,307
Wind,Gearbox,32869,33,50,2.7,1789,86.0,0,0,3,0.19,0,204
Solar,Inverter,1029,23,33,0.25,1025,91.3,1,0,4,0.29,0,301
Solar,Inverter,29216,28,70,1.41,915,58.4,8,30,10,0.83,1,32
Solar,Inverter,45897,41,60,1.19,1199,67.6,9,23,7,0.76,1,47
Wind,Blade,8761,42,80,4.87,875,63.2,10,20,3,0.57,1,41
Solar,Panel,36410,29,61,0.36,1134,92.2,2,3,7,0.32,0,164
Wind,Bearing,18398,46,62,2.24,1720,86.7,2,1,4,0.25,0,348
Wind,Blade,43725,46,73,5.56,1544,56.9,6,11,5,0.78,1,41
Wind,Gearbox,6069,29,69,6.88,1352,70.5,7,28,9,0.76,1,7
Wind,Gearbox,12739,20,42,1.16,1054,93.3,2,3,2,0.11,0,201
Solar,Panel,13750,22,43,0.64,496,72.4,6,27,1,0.78,1,11
Wind,Blade,14513,41,62,2.41,1223,85.9,0,2,8,0.34,0,271
Solar,Inverter,48601,45,58,0.71,1108,74.9,4,15,9,0.48,1,31
Solar,Panel,19701,39,84,0.54,315,95.5,1,3,7,0.29,0,145
Wind,Blade,38544,33,52,7.48,1278,72.1,5,24,10,0.95,1,46
Wind,Blade,29637,26,48,1.6,1765,95.6,0,1,8,0.13,0,194
Solar,Inverter,40218,41,64,1.02,1153,73.0,3,26,2,0.42,1,28
Wind,Blade,1686,34,64,1.13,1465,87.8,1,0,10,0.19,0,325
Wind,Generator,31366,21,35,1.4,1394,88.4,0,2,2,0.34,0,164
Solar,Inverter,8271,35,51,0.59,732,90.9,1,5,7,0.25,0,182
Wind,Bearing,44647,31,60,3.31,1182,89.1,1,1,9,0.16,0,255
Solar,Panel,41137,33,55,0.3,1148,92.2,0,0,5,0.12,0,284
Wind,Blade,35177,28,39,2.37,1511,87.5,1,1,5,0.26,0,209
Solar,Inverter,32636,24,64,0.41,335,86.9,2,0,5,0.34,0,327
Wind,Gearbox,39693,40,57,5.09,983,60.7,5,21,10,0.94,1,33
Solar,Inverter,30901,24,60,0.48,881,95.1,0,3,7,0.18,0,174
Wind,Gearbox,15346,35,70,5.77,1012,66.1,7,30,7,0.61,1,27
Solar,Panel,30237,34,63,1.13,1044,57.5,4,10,10,0.64,1,54
Wind,Bearing,7996,28,69,2.21,856,93.8,2,1,4,0.2,0,268
Solar,Inverter,13562,37,79,1.12,714,75.7,4,29,8,0.69,1,39
Wind,Blade,39198,47,61,2.83,1573,89.4,2,1,2,0.15,0,256
Wind,Bearing,43459,39,54,3.45,873,95.5,0,3,4,0.33,0,253
Solar,Panel,27104,39,52,1.24,945,65.3,9,11,4,0.85,1,58
Wind,Blade,18697,31,61,6.06,1330,62.5,10,7,3,0.9,1,78
Solar,Inverter,10219,39,80,0.12,344,92.8,2,4,4,0.22,0,174
Wind,Bearing,46798,26,40,8.22,1650,62.8,4,25,4,0.7,1,36
Wind,Gearbox,3474,33,72,8.56,1152,60.3,7,26,1,0.4,1,67
Wind,Generator,14539,36,76,2.42,1689,87.9,0,4,8,0.27,0,203
Wind,Gearbox,47731,35,62,7.69,1267,61.5,3,8,2,0.88,1,76
Solar,Inverter,28296,28,65,0.85,789,62.7,4,26,8,0.42,1,6
Wind,Gearbox,5849,26,39,2.39,1612,91.8,2,1,9,0.32,0,348
Wind,Generator,34290,28,49,5.95,1719,72.2,10,8,2,0.48,1,79
Solar,Panel,9293,34,62,0.48,957,95.3,1,2,3,0.32,0,307
Solar,Panel,2785,24,62,0.1,844,92.8,1,0,6,0.28,0,308
Solar,Panel,35911,24,45,0.45,662,92.8,2,1,6,0.11,0,269
Wind,Generator,25217,33,77,6.47,891,66.3,5,8,7,0.71,1,11
Wind,Generator,46620,31,43,2.56,1076,95.1,0,2,2,0.32,0,312
Solar,Inverter,45589,21,66,0.3,788,87.4,0,5,5,0.26,0,334
Wind,Blade,41973,25,58,8.56,1146,72.6,10,6,3,0.75,1,59
Wind,Gearbox,19175,24,46,8.71,1584,69.1,10,21,7,0.53,1,21
Solar,Panel,19380,24,60,0.78,876,79.0,10,17,2,0.51,1,12
Solar,Panel,33928,24,63,0.29,980,92.8,1,5,10,0.13,0,285
Solar,Inverter,38410,31,53,0.54,793,86.3,1,3,9,0.17,0,349
Solar,Panel,7617,26,50,0.25,874,87.7,2,5,1,0.2,0,290
Solar,Inverter,12331,33,78,1.2,607,58.4,3,23,5,0.81,1,8
Wind,Generator,36172,38,69,8.63,1114,78.0,3,9,10,0.59,1,44
Wind,Generator,21475,34,54,6.96,1189,71.8,8,13,2,0.75,1,35
Solar,Inverter,48358,25,70,0.52,446,90.6,0,2,5,0.2,0,337
Solar,Inverter,33563,29,46,0.3,846,88.6,1,4,10,0.24,0,279
Wind,Gearbox,30182,37,52,2.16,1447,94.7,0,3,5,0.2,0,280
Solar,Inverter,33109,42,62,0.64,472,75.8,10,18,8,0.59,1,17
Wind,Generator,49606,43,53,2.2,1201,89.9,1,4,10,0.29,0,255
Solar,Inverter,47347,47,64,0.79,559,71.2,9,10,2,0.67,1,77
Solar,Inverter,15063,35,62,0.99,757,75.6,10,30,9,0.43,1,50
Solar,Inverter,23835,30,64,1.16,648,60.1,9,24,2,0.45,1,28
Solar,Inverter,15114,22,57,0.39,339,95.3,0,4,9,0.14,0,293
Solar,Panel,1276,35,80,0.14,1088,95.1,2,5,7,0.13,0,318
Wind,Gearbox,6248,28,51,3.33,849,89.4,2,4,7,0.13,0,240
Wind,Gearbox,24881,26,39,4.44,1163,80.0,8,28,2,0.88,1,59
Wind,Bearing,14211,30,48,4.58,893,74.0,8,13,3,0.56,1,33
Solar,Inverter,12097,34,72,0.89,930,64.6,3,5,9,0.8,1,72
Solar,Panel,31298,43,71,0.19,559,85.8,0,0,3,0.18,0,126
Wind,Bearing,21012,35,72,2.16,1016,92.4,1,4,9,0.26,0,207
Solar,Panel,32684,24,48,0.31,819,91.0,2,5,2,0.32,0,191
Solar,Panel,32957,41,86,0.89,471,73.9,3,13,5,0.45,1,77
Wind,Bearing,48872,21,63,5.99,1623,75.5,10,16,9,0.77,1,51
Solar,Inverter,45254,40,65,1.02,765,57.6,7,14,7,0.8,1,31
Wind,Generator,2679,44,78,6.74,1148,57.9,4,7,9,0.57,1,78
Wind,Generator,34721,42,62,2.17,1578,92.4,1,0,4,0.13,0,294
Wind,Generator,2142,32,44,3.21,1772,89.7,1,3,7,0.24,0,241
Solar,Panel,25253,26,50,0.5,565,86.4,2,0,8,0.31,0,173
Solar,Inverter,48939,32,60,0.43,555,94.1,1,3,9,0.21,0,329
Wind,Blade,24714,37,74,8.48,972,76.3,3,23,10,0.48,1,66
Wind,Gearbox,7971,37,68,8.94,1734,65.6,8,15,10,0.51,1,37
Solar,Inverter,26337,22,54,0.16,763,86.4,0,1,9,0.13,0,123
Wind,Generator,48045,35,78,2.64,1670,93.7,1,1,8,0.3,0,181
Solar,Inverter,26170,24,45,1.13,654,60.0,9,16,7,0.55,1,18
Solar,Panel,46177,32,53,0.12,629,91.5,1,3,9,0.19,0,346
Solar,Inverter,40553,38,49,0.29,1055,88.1,1,3,1,0.21,0,181
Solar,Panel,44635,44,85,0.68,479,75.2,4,24,10,0.79,1,13
Wind,Blade,15240,42,70,2.99,1211,93.9,1,3,3,0.26,0,309
Solar,Inverter,24440,21,44,1.39,697,63.9,8,16,1,0.49,1,19
Solar,Panel,21123,38,67,0.38,400,93.0,1,0,6,0.14,0,322
Solar,Inverter,28740,42,81,0.11,940,95.0,1,4,8,0.26,0,281
Solar,Panel,17112,46,74,0.49,642,91.3,0,2,8,0.29,0,280
Solar,Inverter,39671,38,63,0.17,347,86.5,1,4,6,0.12,0,260
Wind,Bearing,40463,20,62,1.76,1335,87.9,0,1,3,0.18,0,200
Solar,Panel,6644,20,40,0.94,369,56.6,4,21,7,0.69,1,50
Wind,Gearbox,4476,43,61,2.99,1320,93.2,0,3,9,0.29,0,187
Wind,Bearing,18190,46,71,2.84,855,92.5,2,1,6,0.19,0,290
Wind,Blade,48266,31,62,8.68,1039,59.1,3,8,6,0.43,1,64
Wind,Gearbox,38684,30,73,8.03,1475,64.8,7,23,3,0.8,1,70
Wind,Generator,26754,24,36,4.52,1698,61.9,8,18,1,0.44,1,78
Wind,Generator,34556,33,74,8.11,972,67.9,7,23,4,0.76,1,59
Wind,Gearbox,17675,21,38,8.74,961,61.7,7,23,3,0.68,1,24
Wind,Bearing,32747,45,73,6.99,1250,55.9,10,11,10,0.47,1,20
Solar,Panel,14607,47,58,0.43,528,93.3,0,3,4,0.25,0,173
Wind,Blade,8335,37,78,1.59,1120,91.8,1,4,5,0.1,0,169
Wind,Gearbox,2029,40,82,5.67,1711,76.4,9,5,10,0.44,1,44
Solar,Panel,6043,33,49,0.56,790,88.3,0,4,8,0.18,0,228
Wind,Blade,49366,29,65,7.87,1217,63.0,4,30,8,0.52,1,28
Wind,Bearing,34971,42,54,1.59,1132,85.0,0,3,8,0.18,0,206
Wind,Bearing,21440,47,62,1.2,1654,88.2,2,2,4,0.29,0,133
Solar,Inverter,17521,20,55,0.54,1200,89.9,0,2,4,0.3,0,121
Solar,Inverter,7197,23,44,0.26,700,90.2,2,3,1,0.23,0,151
Solar,Inverter,5062,30,55,0.58,933,90.5,2,3,3,0.23,0,221
Wind,Blade,49396,29,54,2.48,1141,88.0,1,5,2,0.28,0,187
Solar,Inverter,44815,28,47,0.28,586,88.3,0,0,7,0.28,0,157
Wind,Gearbox,1994,33,75,3.26,1497,85.6,2,5,4,0.28,0,216
Wind,Generator,49156,34,60,3.0,1026,91.3,2,4,7,0.24,0,207
Wind,Bearing,43789,35,63,1.88,1356,85.5,0,3,4,0.3,0,257
Solar,Inverter,47642,39,70,0.43,579,86.4,2,5,9,0.26,0,181
Wind,Generator,5193,20,38,3.39,1334,85.5,1,0,6,0.21,0,346
Wind,Gearbox,45558,35,79,2.41,1700,89.6,0,3,5,0.2,0,150
Solar,Panel,25698,36,66,0.89,664,57.6,4,7,1,0.53,1,31
Solar,Inverter,24470,36,78,0.17,700,92.6,1,1,5,0.12,0,159
Wind,Generator,12581,21,36,7.34,1289,60.6,9,18,2,0.85,1,32
Solar,Inverter,44612,45,57,0.38,369,87.2,0,3,10,0.16,0,253
Solar,Inverter,18551,39,69,1.43,662,79.0,10,11,9,0.92,1,37
Solar,Panel,43666,33,62,1.38,567,63.6,3,11,6,0.54,1,8
Solar,Inverter,46548,37,53,1.03,1140,79.3,8,20,1,0.77,1,31
Wind,Generator,23281,36,55,6.11,1445,57.3,3,28,6,0.76,1,24
Solar,Inverter,32959,24,48,0.14,479,91.4,0,4,3,0.35,0,180
Wind,Bearing,34579,40,64,2.14,828,88.2,1,2,6,0.31,0,245
Solar,Panel,47984,47,81,0.24,377,89.3,2,4,1,0.23,0,239
Wind,Bearing,33394,25,52,1.79,1205,91.5,1,4,2,0.1,0,340
Wind,Blade,49424,32,66,4.79,1558,66.1,3,5,8,0.66,1,60
Wind,Gearbox,6202,26,62,1.66,1011,94.4,0,4,9,0.22,0,320
Wind,Blade,13923,39,49,2.65,1629,91.3,2,0,6,0.13,0,251
Solar,Panel,49406,38,49,0.48,711,95.9,0,2,2,0.16,0,127
Solar,Panel,37077,20,45,0.4,532,88.8,0,1,5,0.3,0,189
Solar,Inverter,2407,31,73,0.7,440,59.2,6,26,5,0.92,1,9
Solar,Panel,11632,27,49,0.71,395,66.6,5,19,5,0.83,1,75
Wind,Gearbox,13155,32,63,8.9,1497,77.3,5,9,1,0.54,1,6
Wind,Generator,8209,24,69,1.82,976,87.0,1,0,6,0.2,0,225
Wind,Blade,11518,28,67,1.13,819,87.3,2,5,2,0.23,0,274
Solar,Panel,36792,44,69,0.73,558,74.4,8,8,4,0.77,1,64
Wind,Blade,18693,46,71,6.53,953,73.8,10,6,8,0.77,1,42
Wind,Generator,48533,27,67,7.15,1173,61.0,8,27,2,0.59,1,60
Solar,Inverter,25242,46,57,0.58,799,92.8,1,2,2,0.29,0,308
Solar,Panel,35075,47,73,0.4,1152,94.9,1,2,6,0.15,0,138
Wind,Bearing,8934,33,67,2.61,856,91.2,2,3,2,0.16,0,200
Wind,Gearbox,33085,24,53,2.34,1587,94.0,0,0,3,0.22,0,256
Wind,Blade,18706,43,81,6.17,1447,59.0,7,29,10,0.61,1,49
Wind,Bearing,14074,40,56,4.97,1372,70.6,5,23,2,0.62,1,48
Wind,Bearing,35053,36,69,4.0,1016,70.2,6,22,2,0.76,1,43
Solar,Panel,27341,27,61,0.49,1195,94.6,1,5,5,0.29,0,201
Solar,Inverter,40695,43,56,0.26,696,87.7,2,2,9,0.17,0,218
Wind,Blade,13613,39,59,2.47,1037,90.5,0,1,10,0.22,0,316
Solar,Inverter,35377,35,76,0.15,658,87.3,0,3,4,0.25,0,311
Wind,Generator,49266,42,80,3.44,1533,95.5,0,2,9,0.14,0,196
Solar,Panel,45773,28,50,1.2,1126,55.1,3,21,8,0.51,1,70
Solar,Panel,37919,40,55,0.49,440,92.6,2,5,3,0.13,0,330
Wind,Bearing,13289,47,78,2.6,1307,88.9,0,4,2,0.12,0,130
Wind,Gearbox,33282,25,64,5.54,1221,78.5,4,7,5,0.82,1,31
Wind,Bearing,33551,37,75,5.45,1046,58.9,3,18,7,0.63,1,38
Solar,Inverter,39989,23,68,1.14,535,60.9,5,26,5,0.93,1,36
Solar,Inverter,8872,27,69,0.34,920,95.8,0,1,6,0.34,0,158
Solar,Panel,43699,30,60,0.5,912,94.4,0,1,9,0.3,0,193
Wind,Blade,4910,47,87,5.49,1746,66.3,3,15,3,0.57,1,66
Solar,Inverter,13401,28,38,0.57,852,87.2,2,5,4,0.3,0,255
Solar,Panel,43894,37,63,0.3,940,87.7,2,3,1,0.29,0,250
Wind,Generator,22409,28,71,1.85,1499,86.1,1,4,7,0.12,0,144
Solar,Panel,48267,25,51,0.67,1190,80.0,5,30,6,0.81,1,30
Wind,Generator,2693,41,63,3.31,1129,87.4,2,2,4,0.2,0,190
Solar,Panel,10322,47,66,0.23,1071,90.3,1,4,9,0.32,0,273
Wind,Generator,4644,41,85,1.46,1740,92.9,1,4,4,0.17,0,202
Wind,Gearbox,10667,46,76,4.68,1717,63.6,6,11,6,0.63,1,53
Solar,Panel,23717,46,91,1.32,515,72.5,9,7,8,0.75,1,68
Wind,Generator,7345,27,43,1.58,1255,91.7,0,2,7,0.13,0,322
Wind,Blade,10997,32,54,8.74,906,75.1,7,23,4,0.75,1,40
Solar,Inverter,14436,39,55,0.84,978,65.3,10,7,9,0.43,1,68
Solar,Panel,1367,46,82,0.4,696,95.8,2,2,10,0.3,0,247
Wind,Gearbox,23538,37,71,3.16,1783,87.5,0,4,6,0.35,0,214
Solar,Inverter,17548,30,50,0.63,1146,62.2,10,21,7,0.74,1,75
Solar,Inverter,20339,40,76,0.38,341,93.3,0,5,2,0.13,0,178
Wind,Bearing,45322,28,42,2.85,1291,88.1,2,0,4,0.16,0,301
Solar,Panel,39851,33,56,0.13,1191,91.6,2,3,1,0.32,0,227
Solar,Inverter,15775,46,80,1.28,1104,64.5,9,6,10,0.83,1,63
Solar,Inverter,11102,23,43,0.79,374,69.8,10,15,2,0.6,1,35
Solar,Panel,12526,44,88,0.38,937,93.0,2,4,10,0.16,0,285
Solar,Panel,3330,45,81,0.31,915,95.3,0,4,3,0.12,0,269
Wind,Gearbox,7566,44,65,2.88,1098,95.0,0,0,4,0.14,0,275
Wind,Gearbox,23501,43,79,6.01,1537,58.1,5,10,2,0.46,1,69
Solar,Inverter,29281,32,49,0.27,731,89.7,1,1,10,0.17,0,189
Solar,Panel,23152,22,62,0.17,611,95.8,0,0,5,0.22,0,343
Solar,Inverter,1175,38,73,0.23,842,92.3,0,3,10,0.3,0,241
Wind,Gearbox,15295,31,64,1.13,1416,89.9,1,0,10,0.33,0,201
Wind,Gearbox,48763,23,63,8.47,1267,68.2,6,27,2,0.85,1,19
Solar,Inverter,47056,34,49,1.04,1049,60.2,3,25,8,0.49,1,68
Wind,Gearbox,16682,27,42,1.8,1483,94.7,2,1,3,0.19,0,212
Wind,Gearbox,18999,30,41,5.13,1645,60.3,5,21,7,0.74,1,74
Solar,Panel,11178,37,57,0.26,693,91.3,0,1,9,0.25,0,330
Wind,Blade,7548,25,36,2.12,1055,91.5,2,2,3,0.24,0,275
Solar,Inverter,45094,20,61,0.26,1090,90.8,0,5,8,0.29,0,197
Solar,Inverter,26406,46,86,1.19,661,70.7,6,9,10,0.42,1,46
Solar,Panel,14286,45,55,0.27,595,88.5,0,5,5,0.25,0,252
Solar,Panel,20824,41,79,0.23,986,85.6,1,2,1,0.28,0,308
Solar,Inverter,39282,29,73,0.57,1019,91.9,2,5,9,0.34,0,291
Wind,Blade,22769,47,78,7.92,1109,77.8,4,30,3,0.78,1,47
Solar,Inverter,5266,22,63,0.62,396,60.7,5,18,9,0.53,1,37
Wind,Generator,23229,40,69,1.68,1229,92.6,1,5,10,0.32,0,254
Solar,Panel,49465,25,42,0.27,1066,87.4,0,5,9,0.15,0,324
Wind,Generator,16177,45,81,1.2,1578,89.4,2,1,9,0.1,0,303
Wind,Gearbox,42363,38,62,5.62,1306,59.9,10,20,1,0.76,1,77
Wind,Generator,35053,43,75,4.31,1774,68.5,7,21,7,0.52,1,58
Wind,Gearbox,17519,33,62,1.53,1703,95.6,0,3,10,0.35,0,323
Solar,Inverter,20707,30,61,0.28,379,89.4,2,3,1,0.27,0,336
Wind,Bearing,31703,29,42,3.01,1112,91.7,1,2,7,0.31,0,302
Wind,Gearbox,40219,45,90,2.58,1357,90.0,0,2,2,0.35,0,185
Wind,Generator,18771,24,57,2.72,1431,92.7,2,4,2,0.12,0,214
Wind,Generator,47822,22,39,1.09,1275,89.9,0,1,10,0.29,0,347
Solar,Inverter,9245,33,54,0.48,576,88.6,2,1,9,0.23,0,217
Solar,Panel,16504,33,50,0.55,1029,92.8,1,4,7,0.26,0,131
Solar,Panel,6616,44,74,0.45,370,86.9,1,2,5,0.14,0,245
Solar,Panel,9290,35,67,1.48,896,71.8,4,12,6,0.75,1,39
Solar,Panel,20448,38,52,0.86,477,61.8,3,17,9,0.75,1,17
Solar,Panel,16772,43,76,0.64,1001,59.1,5,18,7,0.54,1,54
Solar,Inverter,31642,47,91,1.1,388,61.0,7,14,9,0.94,1,37
Solar,Panel,6133,41,51,1.3,479,76.7,7,27,4,0.84,1,31
Wind,Generator,2383,38,63,2.01,1213,87.8,0,3,7,0.13,0,221
Wind,Generator,37626,21,56,1.11,1046,93.5,2,3,9,0.18,0,264
Solar,Inverter,15638,22,47,0.26,564,89.2,0,0,6,0.25,0,259
Wind,Gearbox,21990,26,55,4.6,1119,66.5,9,16,7,0.68,1,5
Solar,Panel,35180,35,55,1.19,577,79.4,10,9,6,0.67,1,63
Solar,Inverter,47997,38,82,0.39,446,95.4,1,2,8,0.23,0,311
Wind,Gearbox,27905,46,59,4.7,1428,74.0,6,6,7,0.7,1,9
Wind,Blade,48215,40,56,1.77,1166,86.5,2,3,7,0.11,0,153
Solar,Panel,46112,38,63,0.34,832,88.4,0,2,2,0.25,0,334
Solar,Panel,27925,30,58,0.72,1096,71.5,9,26,4,0.5,1,70
Solar,Panel,5744,30,59,0.13,1025,86.0,2,1,7,0.29,0,291
Wind,Generator,8192,47,67,8.91,1403,78.9,10,27,1,0.86,1,16
Solar,Panel,19798,31,45,1.36,449,71.3,7,25,1,0.51,1,78
Solar,Inverter,3650,43,83,0.19,308,88.4,2,5,8,0.32,0,232
Solar,Inverter,16951,31,65,0.52,948,95.0,0,1,2,0.34,0,243
Solar,Panel,7528,29,64,0.59,1072,89.1,2,1,8,0.29,0,258
Wind,Blade,36289,33,73,6.09,1312,61.6,10,26,7,0.85,1,55
Wind,Gearbox,49782,38,71,2.69,1575,89.6,2,5,10,0.16,0,247
Solar,Inverter,26111,43,87,0.2,690,89.7,0,3,10,0.23,0,156
Solar,Panel,43887,35,73,0.24,739,93.9,1,2,2,0.31,0,343
Wind,Bearing,9917,36,74,6.67,1027,75.2,6,16,4,0.42,1,57
Solar,Inverter,13543,31,65,0.53,483,92.9,1,1,4,0.23,0,126
Wind,Generator,6511,42,73,1.29,1797,91.4,2,5,10,0.27,0,228
Wind,Generator,8037,33,43,1.51,1560,93.7,0,1,10,0.35,0,215
Solar,Panel,19489,28,46,0.36,456,94.7,2,5,1,0.3,0,183
Wind,Bearing,47924,20,48,3.36,1800,88.0,2,2,5,0.26,0,322
Wind,Generator,9176,30,56,3.03,849,91.7,0,1,4,0.26,0,234
Solar,Panel,40050,43,53,1.49,930,68.6,6,30,2,0.72,1,18
Wind,Bearing,12751,43,71,5.59,1395,69.3,3,20,6,0.52,1,68
Solar,Panel,35928,26,61,0.79,1009,77.1,9,20,2,0.78,1,7
Wind,Blade,21928,38,75,2.6,1283,91.2,0,5,1,0.19,0,187
Wind,Bearing,31415,35,49,7.12,805,62.5,9,12,8,0.93,1,68
Wind,Gearbox,12241,22,35,5.53,1794,78.6,3,27,2,0.65,1,37
Wind,Bearing,8308,41,56,2.22,1507,90.6,2,4,6,0.11,0,259
Wind,Generator,24101,30,62,1.35,1556,85.7,1,0,3,0.3,0,276
Solar,Panel,35475,42,76,1.44,972,66.7,7,26,8,0.57,1,56
Wind,Blade,25954,34,68,7.53,1038,75.2,6,25,6,0.51,1,64
Solar,Inverter,7930,27,57,0.74,980,64.7,4,23,6,0.83,1,68
Solar,Panel,11059,32,72,0.13,346,88.3,1,4,9,0.33,0,347
Solar,Panel,20676,42,58,1.38,321,76.3,6,22,1,0.66,1,17
Solar,Panel,19576,24,59,1.47,738,71.7,7,9,6,0.94,1,48
Solar,Inverter,43082,25,67,0.37,826,90.1,2,0,6,0.11,0,301
Solar,Inverter,30673,31,47,0.36,691,88.2,0,1,7,0.16,0,251
Solar,Inverter,22792,34,75,0.51,1200,91.4,1,5,1,0.14,0,348
Solar,Panel,47914,46,56,1.21,531,68.4,10,5,9,0.49,1,61
Solar,Panel,26578,40,53,0.36,824,88.3,1,2,7,0.22,0,330
Solar,Inverter,16050,23,53,1.07,669,77.2,8,24,5,0.76,1,76
Solar,Inverter,5244,42,69,0.19,843,95.7,1,2,1,0.12,0,202
Wind,Gearbox,11054,44,65,4.23,1430,67.3,9,28,1,0.47,1,48
Solar,Inverter,23970,27,42,0.47,402,86.3,1,5,7,0.21,0,270
Solar,Inverter,29464,36,78,1.44,804,58.5,9,9,4,0.76,1,38
Wind,Generator,18333,28,70,1.51,1347,92.9,0,1,9,0.31,0,301
Solar,Inverter,26582,40,72,1.4,800,74.0,4,9,3,0.79,1,65
Solar,Inverter,46430,42,80,0.14,725,88.3,0,3,1,0.15,0,343
Wind,Bearing,14146,23,55,7.61,1107,61.0,3,20,1,0.95,1,50
Wind,Blade,38813,31,51,5.94,1431,58.2,5,27,2,0.94,1,36
Wind,Blade,36020,36,59,1.77,1754,86.8,0,1,10,0.2,0,141
Wind,Generator,45244,26,64,5.3,1798,74.1,9,16,4,0.74,1,35
Wind,Bearing,23366,47,63,2.87,1759,86.5,1,3,3,0.21,0,120
Wind,Bearing,36981,22,45,1.76,1309,89.7,0,4,10,0.14,0,341
Solar,Inverter,14154,22,60,0.48,556,89.2,1,0,2,0.2,0,242
Solar,Panel,36095,29,51,0.15,309,91.1,1,0,9,0.27,0,201
Solar,Panel,48613,33,62,0.49,478,87.1,2,3,6,0.22,0,308
Solar,Panel,32136,23,56,0.3,1160,87.9,2,3,1,0.17,0,281
Solar,Panel,26140,25,59,0.36,1063,94.3,0,1,9,0.28,0,281
Wind,Gearbox,30115,28,61,2.53,1323,89.5,0,0,9,0.25,0,283
Wind,Generator,10734,34,72,2.68,1655,94.4,2,2,5,0.17,0,214
Solar,Inverter,19735,42,59,0.13,1157,91.3,1,2,9,0.19,0,258
Solar,Inverter,25952,29,56,0.82,956,76.6,10,11,3,0.82,1,45
Solar,Panel,22641,46,69,1.15,954,57.3,9,22,3,0.83,1,65
Wind,Gearbox,13528,43,65,7.67,1461,64.5,8,28,9,0.47,1,78
Solar,Panel,49489,42,57,0.27,613,91.7,2,3,3,0.29,0,152
Solar,Panel,21756,30,61,0.38,1174,87.2,2,4,7,0.12,0,270
Wind,Generator,25272,33,46,2.58,1122,94.1,2,2,5,0.14,0,144
Wind,Generator,33848,25,39,5.57,1668,70.3,7,26,3,0.54,1,56
Solar,Inverter,33307,30,72,1.14,641,76.0,3,14,10,0.67,1,12
Wind,Blade,36856,24,50,2.81,812,90.0,0,3,9,0.2,0,203
Solar,Panel,10722,28,55,1.39,356,71.9,4,6,4,0.68,1,53
Solar,Panel,14141,20,41,0.6,448,92.5,2,4,8,0.25,0,268
Solar,Panel,39452,33,77,0.54,1146,94.6,2,1,10,0.29,0,345
Wind,Blade,19949,31,74,7.72,1538,77.6,3,10,1,0.51,1,33
Wind,Generator,36518,44,89,2.23,1334,95.8,0,1,9,0.27,0,120
Wind,Bearing,27897,20,30,2.19,1519,88.3,0,1,3,0.2,0,211
Solar,Inverter,29926,39,52,0.32,860,87.8,2,4,6,0.17,0,129
Wind,Bearing,27861,31,57,1.74,1136,90.7,1,2,1,0.27,0,218
Solar,Panel,20947,33,54,0.32,1099,93.3,1,3,7,0.14,0,255
Solar,Panel,31467,44,60,0.25,605,89.9,1,2,2,0.17,0,219
Wind,Generator,49015,24,68,5.72,1391,67.6,10,13,5,0.62,1,75
Wind,Gearbox,28016,43,78,1.49,1227,88.2,1,5,1,0.35,0,343
Solar,Panel,29296,43,65,1.47,1142,77.3,3,24,1,0.94,1,6
Solar,Panel,40920,25,56,1.14,666,75.5,7,26,10,0.69,1,29
Solar,Panel,42752,45,90,0.41,761,89.6,2,3,7,0.3,0,326
Wind,Gearbox,30843,32,76,7.12,832,61.2,10,18,7,0.92,1,5
Solar,Inverter,20644,34,59,0.45,769,91.7,1,3,2,0.23,0,207
Wind,Gearbox,43002,45,70,1.61,807,92.0,0,2,4,0.26,0,239
Wind,Gearbox,10965,31,42,6.82,1015,55.1,10,11,10,0.56,1,57
Wind,Blade,45523,32,64,4.18,1299,57.0,10,8,10,0.68,1,13
Wind,Blade,28139,28,73,5.6,1358,73.1,5,9,7,0.61,1,57
Wind,Blade,22289,42,54,1.39,1580,95.5,1,5,6,0.26,0,344
Solar,Inverter,4476,20,63,0.8,447,62.4,8,7,9,0.73,1,33
Wind,Generator,28170,38,78,1.86,1500,93.4,0,4,9,0.14,0,281
Solar,Inverter,40774,26,58,1.05,895,58.6,8,27,6,0.65,1,11
Wind,Blade,31455,42,68,6.63,1572,64.9,7,13,7,0.55,1,39
Solar,Panel,39317,30,50,0.31,435,87.6,0,1,2,0.17,0,126
Solar,Inverter,22994,44,62,0.21,864,86.0,2,4,3,0.33,0,348
Wind,Generator,8848,28,40,6.12,836,60.0,10,26,1,0.67,1,39
Wind,Blade,45143,35,65,5.31,976,61.6,6,10,6,0.74,1,30
Solar,Inverter,49953,38,62,0.27,743,88.4,1,0,4,0.25,0,257
Solar,Panel,17906,26,54,0.54,1086,92.9,2,1,2,0.33,0,327
Wind,Blade,32717,24,35,1.39,978,85.2,2,5,3,0.1,0,327
Solar,Panel,27265,32,42,0.12,747,91.4,1,0,6,0.13,0,169
Wind,Gearbox,20760,47,66,1.62,950,88.1,2,4,8,0.15,0,293
Solar,Panel,15780,34,56,0.14,445,91.4,0,3,6,0.33,0,236
Solar,Panel,14999,28,54,0.3,690,91.2,0,1,8,0.26,0,174
Wind,Generator,3830,27,47,7.47,1761,67.5,5,28,4,0.75,1,74
Solar,Panel,25157,28,67,1.24,518,63.5,8,9,8,0.54,1,19
Wind,Gearbox,5988,42,64,2.26,979,91.8,1,4,9,0.33,0,189
Solar,Panel,44115,44,80,0.21,887,93.1,2,5,7,0.16,0,309
Wind,Bearing,10802,24,67,1.05,1646,87.5,1,2,8,0.17,0,245
Wind,Generator,48345,32,74,2.24,1181,91.4,2,2,9,0.23,0,295
Solar,Panel,23864,33,56,0.56,372,89.4,1,3,1,0.13,0,160
Solar,Panel,6560,38,73,0.18,875,85.5,2,3,8,0.32,0,135
Wind,Gearbox,44632,38,48,5.18,1270,70.8,6,11,4,0.83,1,17
Wind,Generator,36701,21,39,3.11,1624,89.4,0,1,6,0.21,0,338
Solar,Inverter,28415,45,87,0.47,1064,89.6,2,1,10,0.23,0,346
Wind,Generator,41902,26,52,7.22,892,77.3,6,5,10,0.83,1,61
Solar,Inverter,12525,22,40,0.3,481,94.0,1,3,5,0.19,0,127
Solar,Panel,47353,38,61,0.32,722,85.9,1,4,7,0.33,0,300
Wind,Gearbox,2631,45,59,3.32,1590,93.2,0,3,3,0.29,0,241
Wind,Generator,32779,21,53,4.03,1569,77.1,10,25,5,0.72,1,50
Solar,Inverter,16643,32,70,1.4,755,79.7,3,17,9,0.61,1,45
Wind,Bearing,45466,43,54,2.22,1503,95.8,0,4,9,0.29,0,130
Wind,Blade,43585,45,61,5.89,1752,71.6,7,18,6,0.45,1,36
Wind,Blade,34391,44,80,1.99,1507,94.0,2,4,1,0.21,0,319
Wind,Generator,7310,38,80,6.13,1758,64.2,8,11,6,0.64,1,54
Wind,Blade,9757,35,56,2.01,1340,95.7,2,5,3,0.21,0,164
Wind,Blade,17636,24,60,4.78,1523,75.4,8,22,6,0.75,1,16
Solar,Inverter,49725,31,55,0.44,858,86.6,0,1,1,0.33,0,138
Solar,Panel,2394,25,61,0.57,1061,90.5,0,3,3,0.26,0,223
Wind,Gearbox,29330,41,71,1.63,1518,94.1,2,3,5,0.1,0,249
Solar,Inverter,33474,43,55,0.79,816,65.3,8,9,8,0.66,1,30
Solar,Panel,23895,42,67,0.8,565,71.3,5,25,9,0.62,1,79
Wind,Generator,13813,39,60,1.86,1546,92.3,0,2,2,0.25,0,301
Wind,Generator,37650,44,63,2.13,1233,90.9,0,1,6,0.21,0,270
Solar,Inverter,33636,34,44,0.36,685,91.1,1,4,6,0.19,0,306
Wind,Bearing,46098,35,58,2.95,1429,92.6,2,4,8,0.11,0,148
Solar,Panel,26633,21,42,0.34,582,95.0,2,4,4,0.18,0,252
Solar,Inverter,44334,32,42,1.26,939,76.8,5,30,4,0.61,1,9
Wind,Gearbox,36974,25,47,6.22,1014,78.2,10,7,3,0.92,1,67
Solar,Panel,27300,40,84,0.5,441,89.3,1,1,7,0.34,0,341
Wind,Bearing,41239,45,60,1.63,1201,87.0,0,0,3,0.2,0,221
Solar,Inverter,31669,24,49,0.31,770,93.2,0,0,5,0.32,0,182
Solar,Panel,14073,44,60,0.95,644,58.8,3,10,9,0.52,1,55
Wind,Gearbox,15135,43,78,1.73,1632,87.4,1,0,8,0.1,0,210
Solar,Inverter,41684,29,41,1.21,860,56.4,6,8,8,0.57,1,76
Solar,Inverter,26688,29,42,0.42,661,89.5,0,3,9,0.32,0,290
Solar,Panel,46839,39,58,1.41,903,64.6,5,16,6,0.89,1,43
Solar,Panel,25002,22,43,0.14,325,87.3,1,5,10,0.17,0,241
Wind,Generator,27805,35,51,1.51,1283,86.3,0,5,7,0.24,0,281
Solar,Inverter,15880,24,68,1.47,797,63.7,9,15,8,0.57,1,62
Wind,Generator,16119,30,62,1.62,1553,90.3,2,0,2,0.28,0,295
Wind,Bearing,3927,32,75,3.04,1747,85.7,1,5,7,0.34,0,316
Solar,Panel,49731,30,46,1.46,899,63.0,8,6,5,0.75,1,28
Solar,Inverter,39982,37,81,0.17,446,95.7,2,5,4,0.32,0,298
Solar,Inverter,22475,42,83,0.76,341,73.7,8,7,1,0.4,1,8
Solar,Inverter,7703,24,61,0.78,848,55.3,5,12,8,0.78,1,44
Wind,Bearing,44226,20,55,1.54,972,93.8,0,5,8,0.16,0,242
Solar,Inverter,24436,44,63,0.35,956,91.7,0,3,8,0.29,0,164
Wind,Gearbox,43099,38,62,2.97,811,92.7,0,5,6,0.2,0,315
Wind,Blade,24242,24,60,7.31,1313,67.3,5,10,2,0.77,1,44
Wind,Gearbox,5445,44,58,6.59,1220,61.8,4,18,10,0.67,1,11
Solar,Inverter,16102,27,57,0.17,792,93.3,2,5,1,0.22,0,180
Wind,Bearing,34186,36,75,5.23,1776,69.5,9,10,9,0.74,1,20
Solar,Inverter,40507,33,74,0.45,1122,90.5,0,4,3,0.29,0,133
Solar,Panel,32981,31,62,1.03,1125,74.1,3,21,2,0.55,1,80
Wind,Generator,5880,27,54,2.41,1642,91.0,2,5,3,0.17,0,335
Wind,Blade,4504,29,41,1.65,1347,90.7,0,4,7,0.34,0,145
Wind,Blade,39428,42,52,4.48,1647,77.4,3,23,7,0.85,1,78
Wind,Bearing,7120,37,72,2.76,1037,89.6,2,3,10,0.31,0,307
Solar,Panel,17843,28,61,0.23,722,92.8,1,4,5,0.24,0,267
Wind,Generator,24535,43,65,2.98,1155,94.0,1,0,9,0.25,0,271
Solar,Panel,14784,29,53,0.11,746,91.4,0,1,3,0.2,0,208
Solar,Panel,2183,22,49,1.08,670,63.8,4,20,8,0.67,1,46
Solar,Inverter,29221,29,47,0.62,345,79.0,9,14,2,0.68,1,62
Solar,Inverter,41538,40,66,0.98,772,79.1,8,12,10,0.87,1,7
Solar,Inverter,24751,26,53,0.6,784,91.6,1,2,10,0.15,0,323
Wind,Blade,33169,30,42,4.77,1796,61.1,10,16,9,0.89,1,5
Wind,Bearing,49292,42,67,1.3,1389,94.9,0,1,3,0.31,0,195
Wind,Blade,46417,27,44,3.26,1023,93.6,2,0,6,0.11,0,165
Solar,Inverter,19989,22,36,0.44,1014,92.9,1,0,9,0.26,0,305
Solar,Inverter,5416,35,60,0.33,322,90.9,0,4,8,0.28,0,120
Solar,Panel,15168,43,87,0.2,1060,90.3,1,5,10,0.26,0,278
Solar,Inverter,19123,40,61,0.2,890,85.6,1,1,4,0.34,0,227
Solar,Inverter,33639,45,55,0.43,827,95.1,2,0,2,0.23,0,290
Solar,Panel,24847,31,45,0.58,875,90.2,0,5,7,0.24,0,182
Wind,Generator,38306,24,39,2.13,1219,92.2,1,2,2,0.18,0,296
Solar,Inverter,41382,39,70,0.79,1006,73.4,9,17,5,0.43,1,18
Solar,Inverter,4721,24,61,0.48,676,90.4,2,1,5,0.24,0,132
Solar,Inverter,36432,32,50,0.13,978,87.4,1,1,1,0.33,0,314
Wind,Bearing,36952,29,56,7.73,1401,68.5,10,16,7,0.52,1,32
Solar,Inverter,35395,40,55,0.35,802,92.0,2,2,3,0.24,0,153
Solar,Panel,32722,41,51,0.57,946,90.9,1,3,6,0.27,0,171
Solar,Inverter,6929,24,69,0.16,660,94.8,1,0,3,0.22,0,157
Solar,Panel,46336,36,64,0.42,477,92.9,0,1,2,0.32,0,321
Solar,Inverter,10323,27,46,0.46,583,87.9,0,4,8,0.18,0,234
Solar,Inverter,8385,45,63,0.28,433,86.1,2,4,9,0.12,0,283
Solar,Panel,29076,40,68,1.1,831,58.2,5,25,6,0.43,1,14
Solar,Inverter,47558,34,47,0.11,967,86.4,1,2,1,0.18,0,191
Solar,Panel,23928,31,68,1.04,853,77.0,10,29,9,0.75,1,74
Solar,Panel,25218,33,61,1.45,708,72.7,4,9,2,0.7,1,70
Solar,Inverter,47431,22,39,0.46,929,91.8,1,3,4,0.18,0,326
Wind,Bearing,13591,38,59,6.65,1398,63.4,4,28,1,0.93,1,55
Wind,Blade,13971,39,79,1.07,1703,92.0,2,3,2,0.11,0,254
Solar,Panel,31149,41,54,0.32,728,93.4,1,3,5,0.28,0,315
